cultivar_ascii,endpoint,icc_a1,median_replicate_cv
6.11,skin_break_force_g,0.584251239103772,0.0831487632939471
6.11,skin_break_displacement_raw,0.6475839607294166,0.07196764730096655
6.11,skin_break_drop_g,0.47624884868738127,0.09750237829954479
6.11,force_at_6_rawpos_g,0.5641690234754948,0.29028450381555415
6.11,flesh_force_mean_g,0.6872083308995125,0.19974907767912375
6.11,loading_stiffness_g_per_rawpos,0.8081266864857906,0.08702111534292016
6.11,loading_work_g_rawpos,0.6861710788389832,0.11306843499067334
6.11,post_break_work_g_rawpos,0.7075739849928013,0.18538576982817417
6.11,adhesive_force_g,0.6684802633513023,0.14540334003654817
