trait,candidate,baseline,n_fruits,n_cultivars,candidate_rmse,baseline_rmse,relative_rmse_improvement_pct,bootstrap_ci95_low_pct,bootstrap_ci95_high_pct,bootstrap_probability_better,p_raw_one_sided,p_bh_fdr,p_holm,supported_bh_fdr_0_05,supported_holm_0_05,simultaneous_ci95_low_pct,simultaneous_ci95_high_pct,supported_simultaneous_0_05,simultaneous_critical_value,family_definition,p_bh_within_12_contrast_family,p_holm_within_12_contrast_family,simultaneous_ci95_low_within_12_contrast_family,simultaneous_ci95_high_within_12_contrast_family,simultaneous_critical_value_within_12_contrast_family
AF,PlumSPECTRA final,Global PLSR,4853,15,30.10587966422329,35.60645577316392,15.448255069201066,8.703750895939526,28.348912627813608,1.0,9.99999000001e-07,1.3333320000013335e-06,3.5999964000036005e-05,True,True,-2.2824025083135826,33.178912646715716,False,3.4639892578125,12 traits versus Global PLSR,9.99999000001e-07,1.1999988000012002e-05,0.7184758257318276,30.178034312670306,2.877716064453125
MFF,PlumSPECTRA final,Global PLSR,4853,15,38.92281953082824,48.39856383774376,19.578565055531318,11.480958095885113,32.12338703226195,1.0,9.99999000001e-07,1.3333320000013335e-06,3.5999964000036005e-05,True,True,1.2546934429824894,37.90243666808014,True,3.4639892578125,12 traits versus Global PLSR,9.99999000001e-07,1.1999988000012002e-05,4.3559717480362,34.80115836302643,2.877716064453125
F6,PlumSPECTRA final,Global PLSR,4853,15,45.63324513078179,55.071855493168016,17.138718639246033,11.052434200855922,27.071140911359596,1.0,9.99999000001e-07,1.3333320000013335e-06,3.5999964000036005e-05,True,True,2.8669939383182985,31.410443340173767,True,3.4639892578125,12 traits versus Global PLSR,9.99999000001e-07,1.1999988000012002e-05,5.28245452486615,28.994982753625916,2.877716064453125
FW,PlumSPECTRA final,Global PLSR,4843,15,12.165157436242442,25.0579579465025,51.4519201356533,39.066944242405405,65.63571794789664,1.0,9.99999000001e-07,1.3333320000013335e-06,3.5999964000036005e-05,True,True,27.88535557571678,75.01848469558982,True,3.4639892578125,12 traits versus Global PLSR,9.99999000001e-07,1.1999988000012002e-05,31.87394963089256,71.02989064041404,2.877716064453125
LS,PlumSPECTRA final,Global PLSR,4853,15,70.50224977963614,99.23139918734446,28.951672195480146,19.094857701832176,41.71351596824362,1.0,9.99999000001e-07,1.3333320000013335e-06,3.5999964000036005e-05,True,True,8.956345199630537,48.94699919132975,True,3.4639892578125,12 traits versus Global PLSR,9.99999000001e-07,1.1999988000012002e-05,12.340513824508466,45.56283056645182,2.877716064453125
LW,PlumSPECTRA final,Global PLSR,4853,15,534.9446007908733,662.7463892176457,19.28366423506871,10.443632534050112,32.070047375996026,1.0,9.99999000001e-07,1.3333320000013335e-06,3.5999964000036005e-05,True,True,-0.09123467545375163,38.658563145591174,False,3.4639892578125,12 traits versus Global PLSR,9.99999000001e-07,1.1999988000012002e-05,3.1879267777933187,35.3794016923441,2.877716064453125
pH,PlumSPECTRA final,Global PLSR,4843,15,0.3612194840437139,0.4458123623435135,18.9749960847021,14.033731078028062,25.51883537685588,1.0,9.99999000001e-07,1.3333320000013335e-06,3.5999964000036005e-05,True,True,8.784381384384716,29.16561078501948,True,3.4639892578125,12 traits versus Global PLSR,9.99999000001e-07,1.1999988000012002e-05,10.50912236644038,27.440869802963817,2.877716064453125
PRW,PlumSPECTRA final,Global PLSR,4853,15,413.5152471591815,528.1971292169376,21.71194724737981,12.932836424441916,36.391005541405335,1.0,9.99999000001e-07,1.3333320000013335e-06,3.5999964000036005e-05,True,True,0.8381755798993424,42.58571891486028,True,3.4639892578125,12 traits versus Global PLSR,9.99999000001e-07,1.1999988000012002e-05,4.371020123356374,39.05287437140325,2.877716064453125
RD,PlumSPECTRA final,Global PLSR,4853,15,0.497071891135674,0.5857826877578681,15.143977190883202,11.27313017473801,20.473722930373516,1.0,9.99999000001e-07,1.3333320000013335e-06,3.5999964000036005e-05,True,True,7.118372942836327,23.169581438930077,True,3.4639892578125,12 traits versus Global PLSR,9.99999000001e-07,1.1999988000012002e-05,8.476690318019433,21.81126406374697,2.877716064453125
PFD,PlumSPECTRA final,Global PLSR,4853,15,158.65784699295116,219.9356653679575,27.861701408221865,18.766654275753524,37.79513991685158,1.0,9.99999000001e-07,1.3333320000013335e-06,3.5999964000036005e-05,True,True,11.022725501849795,44.70067731459393,True,3.4639892578125,12 traits versus Global PLSR,9.99999000001e-07,1.1999988000012002e-05,13.872688690021182,41.850714126422545,2.877716064453125
SRF,PlumSPECTRA final,Global PLSR,4853,15,163.48841317306588,229.94833955816375,28.90211188860849,19.004645266311375,39.36669458407014,1.0,9.99999000001e-07,1.3333320000013335e-06,3.5999964000036005e-05,True,True,10.865977168759859,46.93824660845712,True,3.4639892578125,12 traits versus Global PLSR,9.99999000001e-07,1.1999988000012002e-05,13.9185570485206,43.88566672869638,2.877716064453125
SSC,PlumSPECTRA final,Global PLSR,4843,15,1.5761790361608936,1.8078844296519452,12.816383043669422,8.13790419855614,19.78485629719415,1.0,9.99999000001e-07,1.3333320000013335e-06,3.5999964000036005e-05,True,True,2.537625948332508,23.095140139006336,True,3.4639892578125,12 traits versus Global PLSR,9.99999000001e-07,1.1999988000012002e-05,4.277285257719715,21.35548082961913,2.877716064453125
AF,PlumSPECTRA final,Cultivar-aware PLSR,4853,15,30.10587966422329,31.481759855230976,4.370404314544919,2.2189282626142983,8.66996751206027,1.0,9.99999000001e-07,1.3333320000013335e-06,3.5999964000036005e-05,True,True,-1.3609599356381867,10.101768564728024,False,3.4639892578125,12 traits versus Cultivar-aware PLSR,9.99999000001e-07,1.1999988000012002e-05,-0.8418645148007844,9.582673143890622,3.150252103805542
MFF,PlumSPECTRA final,Cultivar-aware PLSR,4853,15,38.92281953082824,40.371804179781634,3.5891005576586275,2.3006325291609993,4.770472807265485,1.0,9.99999000001e-07,1.3333320000013335e-06,3.5999964000036005e-05,True,True,1.412571865413144,5.76562924990411,True,3.4639892578125,12 traits versus Cultivar-aware PLSR,9.99999000001e-07,1.1999988000012002e-05,1.6097023070787935,5.568498808238461,3.150252103805542
F6,PlumSPECTRA final,Cultivar-aware PLSR,4853,15,45.63324513078179,46.895626270517035,2.6918952578929467,1.4789292567702568,3.735954262650074,1.0,9.99999000001e-07,1.3333320000013335e-06,3.5999964000036005e-05,True,True,0.6938845033076806,4.689906012478213,True,3.4639892578125,12 traits versus Cultivar-aware PLSR,9.99999000001e-07,1.1999988000012002e-05,0.8748463506129784,4.508944165172915,3.150252103805542
FW,PlumSPECTRA final,Cultivar-aware PLSR,4843,15,12.165157436242442,12.392496893681722,1.8344927530721296,1.1331626259887324,2.785653528168284,1.0,9.99999000001e-07,1.3333320000013335e-06,3.5999964000036005e-05,True,True,0.3715611200765241,3.297424386067735,True,3.4639892578125,12 traits versus Cultivar-aware PLSR,9.99999000001e-07,1.1999988000012002e-05,0.5040603380635846,3.1649251680806745,3.150252103805542
LS,PlumSPECTRA final,Cultivar-aware PLSR,4853,15,70.50224977963614,74.87915086970342,5.845286757703072,3.4822601096793337,7.949101528209211,1.0,9.99999000001e-07,1.3333320000013335e-06,3.5999964000036005e-05,True,True,1.8444584915592728,9.84611502384687,True,3.4639892578125,12 traits versus Cultivar-aware PLSR,9.99999000001e-07,1.1999988000012002e-05,2.206817776913887,9.483755738492256,3.150252103805542
LW,PlumSPECTRA final,Cultivar-aware PLSR,4853,15,534.9446007908733,553.6414386938944,3.377066201390047,1.9010701993047054,4.7102299807226995,1.0,9.99999000001e-07,1.3333320000013335e-06,3.5999964000036005e-05,True,True,0.9190817539107989,5.835050648869295,True,3.4639892578125,12 traits versus Cultivar-aware PLSR,9.99999000001e-07,1.1999988000012002e-05,1.1417039100539874,5.6124284927261066,3.150252103805542
pH,PlumSPECTRA final,Cultivar-aware PLSR,4843,15,0.3612194840437139,0.36879674192214806,2.054589159042435,1.1307786820488324,2.9983169875461897,1.0,9.99999000001e-07,1.3333320000013335e-06,3.5999964000036005e-05,True,True,0.38684464171608024,3.72233367636879,True,3.4639892578125,12 traits versus Cultivar-aware PLSR,9.99999000001e-07,1.1999988000012002e-05,0.5378940172501379,3.5712843008347326,3.150252103805542
PRW,PlumSPECTRA final,Cultivar-aware PLSR,4853,15,413.5152471591815,436.4039039662574,5.2448331921534885,3.090591732312147,10.665746343066907,1.0,9.99999000001e-07,1.3333320000013335e-06,3.5999964000036005e-05,True,True,-1.5363700778050076,12.026036462111986,False,3.4639892578125,12 traits versus Cultivar-aware PLSR,9.99999000001e-07,1.1999988000012002e-05,-0.9221895129246365,11.411855897231614,3.150252103805542
RD,PlumSPECTRA final,Cultivar-aware PLSR,4853,15,0.497071891135674,0.5211778911644197,4.625292138714456,2.8666587452975634,6.9229711224677235,1.0,9.99999000001e-07,1.3333320000013335e-06,3.5999964000036005e-05,True,True,0.9874213501402371,8.263162927288676,True,3.4639892578125,12 traits versus Cultivar-aware PLSR,9.99999000001e-07,1.1999988000012002e-05,1.3169072433897488,7.933677034039163,3.150252103805542
PFD,PlumSPECTRA final,Cultivar-aware PLSR,4853,15,158.65784699295116,163.62429011356912,3.035272524128796,1.9667680399946603,4.841422153706968,1.0,9.99999000001e-07,1.3333320000013335e-06,3.5999964000036005e-05,True,True,0.4590584490402949,5.611486599217297,True,3.4639892578125,12 traits versus Cultivar-aware PLSR,9.99999000001e-07,1.1999988000012002e-05,0.692388937245251,5.378156111012341,3.150252103805542
SRF,PlumSPECTRA final,Cultivar-aware PLSR,4853,15,163.48841317306588,172.66368343768352,5.3139548988766405,4.03823801963912,7.500938622172376,1.0,9.99999000001e-07,1.3333320000013335e-06,3.5999964000036005e-05,True,True,2.2411442490048143,8.386765548748468,True,3.4639892578125,12 traits versus Cultivar-aware PLSR,9.99999000001e-07,1.1999988000012002e-05,2.519451925320122,8.10845787243316,3.150252103805542
SSC,PlumSPECTRA final,Cultivar-aware PLSR,4843,15,1.5761790361608936,1.6324871669269876,3.449223485908869,1.9755132707912881,5.9213273088770455,1.0,9.99999000001e-07,1.3333320000013335e-06,3.5999964000036005e-05,True,True,-0.04979637531244441,6.948243347130182,False,3.4639892578125,12 traits versus Cultivar-aware PLSR,9.99999000001e-07,1.1999988000012002e-05,0.2671136531451972,6.6313333186725405,3.150252103805542
AF,PlumSPECTRA final,Nested RBF-SVR,4853,15,30.10587966422329,30.697447967387074,1.9270927791530552,1.1833395782852045,2.9922175090984906,0.999999,1.999998000002e-06,2.5714260000025715e-06,3.5999964000036005e-05,True,True,0.32202457236594584,3.5321609859401644,True,3.4639892578125,12 traits versus Nested RBF-SVR,5.999994000006001e-06,1.7999982000018002e-05,0.575813758843607,3.2783717994625032,2.9162724018096924
MFF,PlumSPECTRA final,Nested RBF-SVR,4853,15,38.92281953082824,39.81605466656293,2.2434044337517283,1.4138884154000482,3.7850034332558082,1.0,9.99999000001e-07,1.3333320000013335e-06,3.5999964000036005e-05,True,True,0.1439817404991648,4.342827127004291,True,3.4639892578125,12 traits versus Nested RBF-SVR,3.999996000004e-06,1.1999988000012002e-05,0.47593705418172094,4.010871813321735,2.9162724018096924
F6,PlumSPECTRA final,Nested RBF-SVR,4853,15,45.63324513078179,46.237568997082185,1.306997490154669,0.24808155913340105,2.2382285321874695,0.992251,0.0077499922500077496,0.008205874147067029,0.02324997675002325,True,True,-0.47156267143590713,3.085557651745245,False,3.4639892578125,12 traits versus Nested RBF-SVR,0.0092999907000093,0.02324997675002325,-0.19034140087468887,2.8043363811840267,2.9162724018096924
FW,PlumSPECTRA final,Nested RBF-SVR,4843,15,12.165157436242442,12.452257126367996,2.305603612357257,1.0628816040505407,2.8920178372764727,1.0,9.99999000001e-07,1.3333320000013335e-06,3.5999964000036005e-05,True,True,0.6625234970389586,3.9486837276755553,True,3.4639892578125,12 traits versus Nested RBF-SVR,3.999996000004e-06,1.1999988000012002e-05,0.922322977477191,3.688884247237323,2.9162724018096924
LS,PlumSPECTRA final,Nested RBF-SVR,4853,15,70.50224977963614,72.8248826863971,3.189339716155562,2.160900205663142,4.240916272175539,1.0,9.99999000001e-07,1.3333320000013335e-06,3.5999964000036005e-05,True,True,1.3205873558116288,5.058092076499495,True,3.4639892578125,12 traits versus Nested RBF-SVR,3.999996000004e-06,1.1999988000012002e-05,1.6160695144725175,4.762609917838606,2.9162724018096924
LW,PlumSPECTRA final,Nested RBF-SVR,4853,15,534.9446007908733,543.367218094603,1.5500782938773572,0.6569415834826594,2.3405081363391016,0.999796,0.000204999795000205,0.00023806427806475418,0.00122999877000123,True,True,0.05246581752848023,3.047690770226234,True,3.4639892578125,12 traits versus Nested RBF-SVR,0.0003514282200003514,0.00122999877000123,0.2892643423850476,2.8108922453696668,2.9162724018096924
pH,PlumSPECTRA final,Nested RBF-SVR,4843,15,0.3612194840437139,0.3630788450628649,0.5121094341999135,-0.1289591877841822,1.0314639177873408,0.943318,0.056682943317056686,0.056682943317056686,0.11074788925211075,False,False,-0.5213350896114268,1.5455539580112538,False,3.4639892578125,12 traits versus Nested RBF-SVR,0.056682943317056686,0.11074788925211075,-0.3579294924014964,1.3821483608013234,2.9162724018096924
PRW,PlumSPECTRA final,Nested RBF-SVR,4853,15,413.5152471591815,423.44504969306433,2.345003806534159,1.282205582105972,3.59996155607958,0.999934,6.6999933000067e-05,8.03999196000804e-05,0.000468999531000469,True,True,0.2976388563541055,4.3923687567142125,True,3.4639892578125,12 traits versus Nested RBF-SVR,0.000133999866000134,0.000468999531000469,0.6213627685931802,4.068644844475138,2.9162724018096924
RD,PlumSPECTRA final,Nested RBF-SVR,4853,15,0.497071891135674,0.5084181160238913,2.2316720295002463,1.4208653267465363,3.1488625065233284,0.99999,1.0999989000011e-05,1.3655158758634344e-05,8.7999912000088e-05,True,True,0.7288110065510276,3.734533052449465,True,3.4639892578125,12 traits versus Nested RBF-SVR,2.6399973600026397e-05,8.7999912000088e-05,0.9664394664814475,3.496904592519045,2.9162724018096924
PFD,PlumSPECTRA final,Nested RBF-SVR,4853,15,158.65784699295116,160.2139067985125,0.9712389121864881,-0.1647405488042098,2.184493666687887,0.944627,0.055373944626055376,0.056682943317056686,0.11074788925211075,False,False,-1.1665808548118028,3.109058679184779,False,3.4639892578125,12 traits versus Nested RBF-SVR,0.056682943317056686,0.11074788925211075,-0.8285544504310046,2.771032274803981,2.9162724018096924
SRF,PlumSPECTRA final,Nested RBF-SVR,4853,15,163.48841317306588,166.22358729060173,1.6454789372064615,0.32578105921425593,3.2252701424285912,0.997179,0.002821997178002822,0.0030785423760030786,0.011287988712011287,True,True,-1.0746929911993002,4.365650865612223,False,3.4639892578125,12 traits versus Nested RBF-SVR,0.0037626629040037624,0.011287988712011287,-0.6445865897558187,3.935544464168742,2.9162724018096924
SSC,PlumSPECTRA final,Nested RBF-SVR,4843,15,1.5761790361608936,1.6224628246263793,2.8526871471550588,1.056554774972607,4.393723339974609,0.999345,0.000655999344000656,0.000737999262000738,0.00327999672000328,True,True,-0.11546728323434552,5.8208415775444635,False,3.4639892578125,12 traits versus Nested RBF-SVR,0.0009839990160009841,0.00327999672000328,0.3538494377281789,5.351524856581939,2.9162724018096924
