endpoint,trait,n,icc_a1,pearson_r,median_replicate_cv
skin_break_force_g,SRF,4853,0.9155078387236936,0.916414956366478,0.07126752714507864
skin_break_displacement_raw,RD,4853,0.8979438502782178,0.8981834907801362,0.0656866956860466
skin_break_drop_g,PFD,4853,0.8573220966363319,0.8580000156848843,0.09374986743802291
force_at_6_rawpos_g,F6,4851,0.800678870147499,0.8048517182776612,0.17204533024269597
flesh_force_mean_g,MFF,4853,0.913252349730744,0.921679864685252,0.13108053003104378
loading_stiffness_g_per_rawpos,LS,4853,0.9839207627498306,0.9850488493770536,0.03545556690967194
loading_work_g_rawpos,LW,4853,0.9213039197309453,0.9254298659867364,0.07778808589673918
post_break_work_g_rawpos,PRW,4853,0.928130688253039,0.9331229027913105,0.12649484797774957
adhesive_force_g,AF,4853,0.9086050313947669,0.9091787644073849,0.09711084278518145
