trait,SRF,RD,PFD,MFF,F6,LS,LW,PRW,AF
SRF,1.0,-0.30585323021237343,0.9816512881479783,0.6880528161881073,0.6001144736434252,0.8404454973927113,0.8433792348329324,0.5562425982473521,0.6794494089836024
RD,-0.30585323021237343,1.0,-0.2017913694003106,-0.5705392588652657,-0.4360498639657272,-0.6826205250343153,-0.3153422609023786,-0.5873638786115423,-0.6182981165647807
PFD,0.9816512881479783,-0.2017913694003106,1.0,0.5740578260910618,0.494553474252081,0.763674350010371,0.7691820551360462,0.43341974043242903,0.5881058636103111
MFF,0.6880528161881073,-0.5705392588652657,0.5740578260910618,1.0,0.9121704265670331,0.8573669620575793,0.8523750968864994,0.9033627202428764,0.8956211033147532
F6,0.6001144736434252,-0.4360498639657272,0.494553474252081,0.9121704265670331,1.0,0.7456455161934645,0.8099712010090324,0.8491488086412483,0.807960297956184
LS,0.8404454973927113,-0.6826205250343153,0.763674350010371,0.8573669620575793,0.7456455161934645,1.0,0.78717734389153,0.7725088901785818,0.8573259775896246
LW,0.8433792348329324,-0.3153422609023786,0.7691820551360462,0.8523750968864994,0.8099712010090324,0.78717734389153,1.0,0.8592269105819367,0.8382623300918844
PRW,0.5562425982473521,-0.5873638786115423,0.43341974043242903,0.9033627202428764,0.8491488086412483,0.7725088901785818,0.8592269105819367,1.0,0.9053835732579275
AF,0.6794494089836024,-0.6182981165647807,0.5881058636103111,0.8956211033147532,0.807960297956184,0.8573259775896246,0.8382623300918844,0.9053835732579275,1.0
