trait,cultivar_code,n,rmse_reduction_pct,r2_within,pearson_r
AF,CHL,295,3.730647160341223,0.04338621457800351,0.2566223098707006
AF,FRL,278,-0.445353733331233,0.1571541199374491,0.44459792589927716
AF,FTL,183,6.623272232870542,0.10595461328755562,0.33082620491000425
AF,FWHH,86,3.7230029559110607,0.15548629491175947,0.4276040989895789
AF,KLD,778,3.841285456843815,0.1441166765431715,0.39443605478928656
AF,L31,216,1.7612655408710192,0.028899291776091074,0.2289576973017831
AF,L313,300,21.19490018916826,-0.17749078409627206,0.46708805275396775
AF,LA191,310,5.436187483488759,0.010847444470246104,0.30867989790296296
AF,NL,144,1.542481484600687,0.45951678998418033,0.7294848580142675
AF,QCL,329,0.2461763211318833,0.08822321219306006,0.3021748986360535
AF,WD,681,34.968230110327006,-0.48609600271818754,0.5420153221657004
AF,WJ,320,13.632184527053067,-0.0364423256034232,0.1888589192015374
AF,WW,478,2.7106443113009964,0.09742546761097881,0.33918784316176787
AF,WX,191,6.974706042914092,0.04858279171021529,0.23747446492025942
AF,ZSKLD,264,12.657123713869721,0.04021589743595555,0.32215447168722544
F6,CHL,295,2.1908825614586167,0.05765588043447134,0.254039652060229
F6,FRL,278,0.05310640031503723,0.051349474718507926,0.3378773557308673
F6,FTL,183,1.1571762141918491,0.021804529268427464,0.16572535458834303
F6,FWHH,86,-0.23692784322851107,0.04798248156622065,0.3142607588492624
F6,KLD,778,4.323450235872226,0.022700550901538663,0.16598106724605985
F6,L31,216,3.193820637956208,-0.0003038286297321058,0.08155801918091159
F6,L313,300,7.676268192582156,0.044527433407672734,0.22698323411145166
F6,LA191,310,4.883215637825133,0.03176662959908039,0.17893914691848403
F6,NL,144,-0.30861109998483344,0.018047340641536014,0.14080949741492235
F6,QCL,329,1.2415695071700905,0.021539453338536574,0.1600999927510872
F6,WD,681,3.7961577121423233,-0.031561133144651476,-0.08907223947139185
F6,WJ,320,4.395876067757935,-0.023681179193737245,-0.09540962096037356
F6,WW,478,2.9542170888659767,0.055792006772583225,0.3329978237412771
F6,WX,191,6.950193390395695,0.008755108750579388,0.10592551983659014
F6,ZSKLD,264,6.5715334360249145,-0.014007169921750107,0.06478752390694939
FW,CHL,295,8.483597764363884,-0.4910277703305008,0.2083592217192088
FW,FRL,276,1.0539257906547552,0.016030618471544078,0.14693792835595798
FW,FTL,183,2.687876225107828,-0.4972343992000896,0.11404451268232095
FW,FWHH,86,0.808288073344641,0.07533166789186174,0.27704948553234665
FW,KLD,773,1.3033132282204634,0.09519014598717834,0.3346694807585615
FW,L31,216,2.5714922186545945,-0.35207560929018444,0.061172837240160746
FW,L313,300,10.61723044183806,-0.723832676756285,0.072148835119182
FW,LA191,310,0.11691631808778467,0.011759103637693835,0.1319675396395657
FW,NL,144,-0.28455059850235787,0.18622085454987347,0.45420846394360037
FW,QCL,329,6.070004255804032,-0.1835066270813459,0.10622049245715184
FW,WD,681,2.7438317225107336,0.10090324971554676,0.3203110845594157
FW,WJ,317,2.9740131308212887,0.05586513040040886,0.2997883095539315
FW,WW,478,1.335643783349698,0.06294749552920664,0.25827371542128136
FW,WX,191,0.8466042024036907,0.045478876695242754,0.21428013057325368
FW,ZSKLD,264,2.510717922248336,-0.0979143814357295,0.001719567331391309
LS,CHL,295,3.524673173561695,0.03267080846131298,0.18425652904075615
LS,FRL,278,3.8634981227096374,0.15167819067042565,0.4610641116822573
LS,FTL,183,3.5037065615698135,0.10568404000665166,0.337321657775942
LS,FWHH,86,2.111548455253203,0.18774080646288394,0.4886757884507326
LS,KLD,778,7.416834002407515,0.06672779114190552,0.2623029843297829
LS,L31,216,1.314219068658361,0.08847118895960271,0.3345626932282784
LS,L313,300,11.880361015082894,0.2054840854294463,0.4565688168883998
LS,LA191,310,7.414941629505795,0.10988335371355318,0.33589986135882993
LS,NL,144,2.9049616021254723,0.4415254150349215,0.737916836820605
LS,QCL,329,1.6547513865095593,0.08245059350223949,0.3281501087331147
LS,WD,681,18.936071468872388,0.2977928382399959,0.5742782026598591
LS,WJ,320,8.068234383506264,-0.02780221136097616,0.1442343049126506
LS,WW,478,9.179509115883889,0.08236360090949202,0.3294658502806341
LS,WX,191,2.2404999937365955,0.04863862542046293,0.23552648782035754
LS,ZSKLD,264,6.33681949854196,0.10995121318386658,0.3358436333552128
LW,CHL,295,3.7308613611969195,-0.03176321022689188,0.03880024084891205
LW,FRL,278,1.0467359377530212,0.046753765325178165,0.27977006486189276
LW,FTL,183,-0.45062079340337896,0.018901710428432028,0.14274412199527584
LW,FWHH,86,-1.7099794652053018,0.0332119451450581,0.18644383837633108
LW,KLD,778,3.37121085666281,0.04171534190983561,0.22303562537377838
LW,L31,216,0.9988201143397977,-0.017905937531326854,0.05189025261182823
LW,L313,300,4.774879312178888,0.04360790103818146,0.22593303533729864
LW,LA191,310,6.6316219556367795,-0.032304087211723065,0.01630727893677926
LW,NL,144,2.8350446219739096,-0.008752607859491501,0.05834712843169949
LW,QCL,329,1.4144112787416585,0.018162972252709575,0.13693105544077067
LW,WD,681,5.402904231979162,0.08848094856650535,0.29754751060717505
LW,WJ,320,6.727378181153649,-0.04346657409460941,0.022474269254076938
LW,WW,478,6.151329630545377,0.09421544780812474,0.41133940328030744
LW,WX,191,2.397684615961524,0.01036945357919783,0.11093190446909142
LW,ZSKLD,264,2.1727627944239223,-0.023270087681040552,0.006471825882610271
MFF,CHL,295,-0.6789100035355011,0.05113707437867876,0.23188997882582596
MFF,FRL,278,1.320940578649372,0.08771284904861398,0.3441275677404145
MFF,FTL,183,2.358209238550241,0.07430458009183982,0.28778653259360404
MFF,FWHH,86,1.2606332564922076,0.08750349164033555,0.39107409365516005
MFF,KLD,778,5.3529738301510505,0.06262105466920853,0.2729146494470672
MFF,L31,216,3.5357335367900466,0.03254121202939553,0.18119271001231044
MFF,L313,300,5.106814762559452,0.10314258329431625,0.34780886295993063
MFF,LA191,310,0.41000303665206006,0.029959651596837444,0.2054475979755036
MFF,NL,144,6.694028245789072,0.26500979633883637,0.581275520678038
MFF,QCL,329,1.7799648461275919,0.030207329735272737,0.17498606414116777
MFF,WD,681,16.260423769238,0.0933999566166619,0.4516082180186428
MFF,WJ,320,3.4090302986131893,-0.02267268736762129,0.006572917556514456
MFF,WW,478,3.910769934928737,0.0627850505145543,0.3104969912060604
MFF,WX,191,3.3894349520981932,0.02687585329676445,0.17266850480652843
MFF,ZSKLD,264,5.508027702116717,-0.028136801220648655,0.17317688232010264
PFD,CHL,295,3.555808493368422,-0.027291112029200093,0.028529997897276123
PFD,FRL,278,1.6683427687100223,0.08232633491708707,0.2919377669879161
PFD,FTL,183,2.902432074940954,-0.04280794348547423,-0.10365986927411813
PFD,FWHH,86,11.914738702150602,-0.1120836830181553,-0.1076926524436321
PFD,KLD,778,1.9545223882045797,0.041469146093832565,0.20730522147672062
PFD,L31,216,2.509928396230591,-0.03597126748636126,-0.01686049991284985
PFD,L313,300,10.315207305643545,0.06946230581480128,0.26808374189334727
PFD,LA191,310,2.630348316716958,0.026296810038463847,0.17193205083799284
PFD,NL,144,-1.024877562499835,0.02717102361356538,0.18547433972280308
PFD,QCL,329,2.084511509624982,0.009574462078120405,0.10556013724657425
PFD,WD,681,10.64738583537274,0.1153170999040044,0.3434517161309746
PFD,WJ,320,4.450733813350669,-0.06310203493163624,0.1061419168669819
PFD,WW,478,0.9351174028147554,0.11207741093306967,0.4369750207555923
PFD,WX,191,2.7415527221893745,0.009696625951135851,0.11321016192055708
PFD,ZSKLD,264,2.7626496600072987,0.01208528026361333,0.12554277796132512
PRW,CHL,295,11.219748122968976,-0.07645998531465859,0.09273324601973441
PRW,FRL,278,0.6774353005595881,0.11299962160742705,0.4152288898426872
PRW,FTL,183,6.176523627799288,0.051724427745337254,0.23401210415981186
PRW,FWHH,86,4.516375148384322,0.07782545103545246,0.2991756970911908
PRW,KLD,778,2.6725535533717584,0.07147074174931234,0.2781255727437217
PRW,L31,216,10.359802251973276,0.0007200060939542841,0.22581745811040083
PRW,L313,300,26.08065588459877,-0.015151250076246958,0.4433401457330201
PRW,LA191,310,7.711078544951699,-0.026821739730452876,0.18994091442424318
PRW,NL,144,9.194396063336951,0.3031150405910734,0.6097519109725974
PRW,QCL,329,4.414320563679557,0.0686500620281909,0.26351230208953097
PRW,WD,681,33.41512687664977,-0.12318669394565962,0.5186060840769134
PRW,WJ,320,8.251633562939801,-0.04827019917591313,0.12646919812881663
PRW,WW,478,1.2256135082449142,0.10722367934745203,0.37606210993694916
PRW,WX,191,4.795072204603874,0.019998748238847064,0.16354840308433669
PRW,ZSKLD,264,27.624163643146822,-0.06666099558289673,0.308706757686209
RD,CHL,295,8.044538544524347,-0.23109556171899093,0.06942427921065218
RD,FRL,278,-0.06970313264535702,0.2954031382646296,0.5802534551228975
RD,FTL,183,3.2253431075868315,0.02354279004883164,0.30303603001396123
RD,FWHH,86,8.01876722121712,0.00981683979209469,0.3930728648602678
RD,KLD,778,11.743543957471282,-0.16044449263821892,0.14395957239150325
RD,L31,216,-3.0051571795098697,0.1751546369308018,0.445431572844244
RD,L313,300,4.63168501873139,0.059586624767120844,0.35232114072162346
RD,LA191,310,2.87929924551801,0.10933338754299338,0.396086130469923
RD,NL,144,3.3649277077703372,0.47585132301974786,0.7300136130838493
RD,QCL,329,2.4324278936344697,0.17750255381453672,0.42365617346379036
RD,WD,681,3.240529288247082,0.34861202262696644,0.5938844535763331
RD,WJ,320,6.111822105297187,-0.3336707250082167,0.2016312239712498
RD,WW,478,10.308346885492305,0.03470660512491197,0.22217354496351335
RD,WX,191,1.7691475086068102,0.20064515469911237,0.45885659678982466
RD,ZSKLD,264,2.0735449232793712,0.10698644688441228,0.34589626720497163
SRF,CHL,295,6.957929661390253,-0.034138243529991064,0.052102333207204914
SRF,FRL,278,8.548109923516162,0.0941268209073467,0.30915683290815943
SRF,FTL,183,2.5795359001809324,0.026966031191129947,0.17277594690643422
SRF,FWHH,86,16.64105458248892,0.005018548511526499,0.16149151686209723
SRF,KLD,778,3.4315398318698422,0.05732228855340071,0.24565655635508238
SRF,L31,216,4.35109623468886,-0.001901303529727727,0.09003731179519667
SRF,L313,300,13.228674309044328,0.13759832495885949,0.3728313959099196
SRF,LA191,310,7.605052746924331,-0.02573086985640982,0.11305566949852983
SRF,NL,144,6.624295611252964,-0.0374229527293608,0.06452932977172363
SRF,QCL,329,2.382294193489765,0.019173807534868192,0.14154720302571724
SRF,WD,681,8.485042802199047,0.1784536616040835,0.43164067296933306
SRF,WJ,320,14.402886169248179,-0.07497776917448662,0.08333204075849163
SRF,WW,478,4.453201926160984,0.12709374163025777,0.4275648941911709
SRF,WX,191,6.460132524070295,-0.0024081812767080546,0.084471993720366
SRF,ZSKLD,264,2.69272730202694,0.002572219244772689,0.09404992169603314
SSC,CHL,295,7.121813207408388,-0.5410030426549428,0.05197343371213675
SSC,FRL,276,15.931322785405087,-0.6268439211794381,0.2251630283518514
SSC,FTL,183,3.9242597152521554,0.5797428027424014,0.7973662475887369
SSC,FWHH,86,4.517031092699467,-0.1632276230983214,0.36916664150559964
SSC,KLD,773,4.222082957565114,0.44736835398335684,0.6722383526047553
SSC,L31,216,3.234432440548664,0.059335465487218464,0.4232047855877568
SSC,L313,300,9.8973116926272,0.2749812963556665,0.5680834095888444
SSC,LA191,310,7.021406320059168,0.2843655316871081,0.583560676224397
SSC,NL,144,4.606029512441225,0.44711499261625176,0.6811204053944916
SSC,QCL,329,0.7211716165046443,0.5637070744625325,0.7637685505401637
SSC,WD,681,1.119054394051553,0.5152481833268707,0.7260838085862514
SSC,WJ,317,0.7520529738572075,0.23116890059904582,0.48603443343557107
SSC,WW,478,3.6595281121235193,0.3997290110661118,0.6345799343934024
SSC,WX,191,7.611826066356038,-0.2115974493132935,0.2858158108025974
SSC,ZSKLD,264,-1.9719554335291951,-0.12222100791781965,0.3565197680353959
pH,CHL,295,2.615141920271936,-0.08032389096682624,-0.05978918767225445
pH,FRL,276,0.6647162048608128,0.07171104374066761,0.3456243903928049
pH,FTL,183,-0.38132271317678545,0.03059161768139873,0.1906815449643079
pH,FWHH,86,1.5546883320098706,-0.03572650301974778,-0.018473211820829352
pH,KLD,773,1.4649459495298376,0.012674340932867012,0.11284305466881796
pH,L31,216,1.9602034328951994,-0.02490373036142124,-0.02346153364271414
pH,L313,300,0.15936122884459003,0.07622040618998005,0.30263190238326043
pH,LA191,310,1.575565985280332,0.028088859358733398,0.1740753565787087
pH,NL,144,0.09802804975006486,0.08948807185793495,0.3027200143045126
pH,QCL,329,1.244546139764645,0.031049080661492257,0.18117358644309303
pH,WD,681,4.785167799781021,0.03460567706164219,0.18974717054461415
pH,WJ,317,1.494922475692779,-0.014359590658651111,0.016510216486126043
pH,WW,478,3.3750205378976355,-0.035891887323028726,-0.10459291970120235
pH,WX,191,2.1131842092779216,-0.0024425854523466572,0.05980230376434501
pH,ZSKLD,264,5.603784918020431,0.007927589273109437,0.12298405964832476
